{
  "buildCommand": "pnpm run build",
  "devCommand": "pnpm run dev",
  "installCommand": "pnpm install",
  "framework": "vite",
  "outputDirectory": "dist/public",
  "rewrites": [
    {
      "source": "/api/(.*)",
      "destination": "/api/$1"
    },
    {
      "source": "/((?!api).*)",
      "destination": "/index.html"
    }
  ],
  "functions": {
    "dist/index.js": {
      "runtime": "nodejs20.x"
    }
  },
  "env": {
    "NODE_ENV": "production",
    "DATABASE_URL": "@database_url",
    "JWT_SECRET": "@jwt_secret",
    "STRIPE_SECRET_KEY": "@stripe_secret_key",
    "STRIPE_WEBHOOK_SECRET": "@stripe_webhook_secret",
    "VITE_STRIPE_PUBLISHABLE_KEY": "@vite_stripe_publishable_key",
    "ADMIN_EMAIL": "@admin_email",
    "ADMIN_PASSWORD": "@admin_password",
    "RESEND_API_KEY": "@resend_api_key",
    "RESEND_FROM_EMAIL": "@resend_from_email",
    "SUPABASE_URL": "@supabase_url",
    "SUPABASE_SERVICE_ROLE_KEY": "@supabase_service_role_key",
    "SUPABASE_BUCKET": "@supabase_bucket"
  },
  "regions": [
    "cdg1"
  ]
}